area_sqft,bedrooms,bathrooms,age_years,location_score,parking_spaces,house_price
1194,1,3.0,40,53,2,428960.83
3454,3,3.6,36,63,1,834345.39
3060,1,2.4,27,44,0,676171.39
2348,2,1.7,44,84,1,714692.49
2328,4,1.7,6,76,2,730630.85
3733,1,3.2,46,44,0,750575.65
1183,4,3.4,42,52,3,536705.95
3201,1,1.3,25,71,1,721566.02
1564,1,1.2,36,70,3,488646.0
1210,3,2.8,26,84,2,559706.43
2637,4,1.4,13,54,1,694896.05
4119,1,3.5,39,91,0,923035.82
3327,2,1.9,12,64,2,794785.65
3411,5,1.4,15,86,1,893128.0
3267,5,3.8,25,53,0,838749.18
3494,3,1.5,41,42,3,741212.79
2593,3,1.9,19,43,1,667047.74
1322,2,1.5,24,60,0,418531.53
3671,4,1.3,2,93,1,887934.82
2386,3,1.1,5,42,1,613698.13
2551,2,1.2,2,60,3,682665.54
2123,1,1.5,3,46,2,544605.85
1502,1,1.2,43,92,0,500844.76
3958,5,2.8,42,77,0,909187.8
3479,3,3.0,41,82,2,856683.35
3024,3,2.2,2,79,0,767863.02
2227,3,2.0,3,76,1,665731.91
3615,4,2.5,14,83,0,901842.74
2699,1,3.6,28,40,0,603060.57
2363,1,3.6,16,88,3,727432.78
2386,2,1.1,24,81,0,631712.06
1649,3,1.5,8,81,0,516243.29
1204,4,1.7,36,62,3,460793.81
2730,3,1.7,15,84,0,726604.34
3830,3,2.7,3,61,3,917096.78
1110,5,2.2,37,42,0,445417.92
3732,1,1.1,45,90,0,807928.42
3631,3,2.1,0,53,0,833963.44
1813,3,2.6,21,45,2,585193.59
2984,3,1.3,41,74,2,721333.48
1445,5,3.5,35,53,1,527722.68
3401,2,1.2,42,88,0,755510.23
3211,5,3.8,20,64,0,849784.0
2069,2,1.3,18,40,2,579228.74
1124,3,3.5,35,93,0,507347.85
4103,3,3.7,7,68,2,916009.2
2370,5,3.9,11,54,2,695804.17
3847,3,3.4,30,77,3,923157.12
3137,2,3.3,33,69,1,755464.51
3468,1,2.9,5,41,0,740298.67
3407,2,3.3,25,82,1,838775.95
1542,5,1.4,18,62,3,582018.09
2100,1,2.6,25,79,2,641284.15
2440,5,2.5,47,90,2,738175.58
2542,3,3.6,3,74,1,718804.37
1044,1,2.4,49,77,0,414993.01
2703,2,2.2,22,54,3,658394.59
1409,3,2.9,38,53,3,530602.6
3353,2,1.8,21,63,3,804111.28
3154,1,1.4,15,87,3,784661.38
3944,4,2.4,38,69,1,951818.63
3357,4,2.3,34,59,1,795117.02
2109,1,1.7,7,83,0,643897.16
4092,2,2.1,35,87,3,942089.65
2255,2,2.1,37,90,2,630801.61
1975,4,2.0,19,56,1,605928.07
3888,4,2.1,46,79,3,912670.12
2122,4,3.1,32,73,2,660557.86
1151,5,1.9,16,65,3,556078.8
2449,4,3.8,0,62,3,774483.97
3525,2,3.7,33,46,0,766217.98
1525,1,2.4,10,55,1,507147.72
2427,4,2.0,37,70,2,723230.19
1328,5,2.6,26,89,3,652971.24
3165,5,3.5,23,88,0,881655.92
2469,2,3.0,8,50,1,683672.29
1989,2,3.4,35,78,2,581010.84
1648,1,2.6,8,44,3,508770.24
2762,1,2.9,20,77,0,672591.87
3110,3,1.9,41,59,2,755061.42
4003,3,3.2,46,65,1,888035.22
2342,2,1.6,49,80,0,606912.21
1430,2,3.1,47,63,2,546972.2
3647,5,3.6,27,85,1,944676.72
2978,3,1.4,10,69,2,775131.02
3210,5,2.8,41,95,1,869025.54
1220,5,1.3,40,75,3,545717.12
1930,2,3.2,49,56,0,537244.4
3433,2,1.3,32,83,3,840609.78
3646,5,3.8,7,62,0,943067.38
2336,4,1.4,25,69,2,718437.46
3555,2,3.9,22,47,1,821180.88
3677,4,3.4,42,46,1,863499.13
2178,3,2.8,19,72,0,612679.25
3863,5,3.3,16,50,2,936940.96
1851,2,3.4,4,95,0,653716.95
1690,5,3.8,41,87,2,685783.25
3152,5,1.8,37,79,2,842978.63
3001,1,2.8,2,81,3,811923.46
1361,1,1.3,21,73,2,486628.4
3648,3,2.8,23,43,1,851107.35
1559,1,1.5,23,61,2,493094.62
3556,2,2.7,45,67,3,827363.24
924,3,2.7,7,91,1,514360.19
3529,5,2.4,15,52,0,778615.73
3496,5,2.6,9,67,3,929089.26
3475,1,3.3,12,59,0,695788.09
3094,5,3.4,45,47,2,755836.88
2456,1,2.5,47,45,0,575142.45
3227,4,2.8,2,60,0,824310.7
1814,5,3.8,31,44,3,604601.71
3476,5,1.4,11,43,0,793809.55
2733,2,1.4,9,59,2,723142.98
2414,5,1.3,14,51,2,677383.28
2568,1,3.0,9,71,0,718530.09
2776,3,2.3,24,40,0,662553.92
1022,3,3.3,49,56,3,476492.87
1361,2,3.0,29,65,2,546254.99
1710,1,2.0,36,93,0,536944.65
1277,4,3.7,24,75,3,562393.74
2350,2,3.3,0,89,1,708566.54
3105,4,1.8,4,59,0,772395.34
3059,3,2.1,13,65,3,761996.2
2454,2,1.9,12,63,0,627660.03
3721,5,1.5,42,89,2,913037.39
2765,1,1.4,42,93,3,740634.59
1161,4,3.8,42,93,2,573880.68
3424,4,2.3,31,82,2,868812.9
2796,2,2.1,27,68,1,696651.63
2994,2,3.2,32,70,0,739454.93
2765,1,2.7,20,94,2,761953.54
2726,5,3.8,33,55,3,762406.91
1198,5,3.3,39,59,0,483201.9
2745,2,2.4,38,90,3,780062.3
3523,1,2.1,30,61,1,762053.92
1903,1,4.0,2,53,2,551945.79
2889,1,3.2,36,71,0,705501.51
1001,5,3.9,18,58,2,543670.88
2046,5,1.4,37,89,0,617062.83
2341,1,3.6,26,90,1,679657.56
4143,4,2.9,44,57,2,959003.99
1608,1,1.4,16,69,0,491885.27
1812,2,2.8,46,95,1,610067.56
2248,3,3.1,42,81,2,647397.54
4175,4,1.0,16,52,0,905794.96
3716,5,2.4,24,73,1,912237.13
1014,1,3.5,26,74,1,434513.04
1672,1,1.9,38,76,2,544693.33
3611,2,2.4,34,41,3,838852.59
1092,2,2.3,42,56,3,485864.88
3723,5,1.9,18,87,0,957705.39
1828,4,3.8,25,53,0,588066.38
3928,2,3.3,21,56,0,869465.28
1868,5,1.3,45,58,2,612603.75
2333,3,4.0,15,49,0,652158.27
3084,3,3.6,29,48,0,744938.34
1316,3,1.9,6,59,3,544870.08
2738,1,3.5,42,88,3,742277.22
2566,5,1.3,19,40,3,685597.11
3486,1,4.0,17,55,1,790852.65
4187,1,3.0,29,43,2,887163.85
3092,2,3.0,24,71,2,781371.84
2250,2,1.3,42,54,0,561265.04
2241,1,3.7,26,84,2,680831.9
2279,1,1.1,25,72,2,595053.8
3586,4,1.7,5,83,1,915749.96
1960,5,1.4,1,75,3,696992.22
1451,1,3.3,19,64,2,481014.49
2003,2,1.6,49,88,2,636265.31
974,3,3.7,45,66,2,460882.13
1250,5,3.0,31,93,3,577077.71
1197,4,1.1,31,95,2,516968.95
3446,4,1.0,19,72,1,809594.92
3283,3,1.2,8,77,3,837802.16
3199,3,2.8,0,54,2,799477.59
2424,1,3.4,16,85,3,702416.03
3266,5,1.7,15,77,0,854272.85
1432,5,3.5,9,90,1,645757.01
3872,1,1.2,12,54,3,846185.15
2553,4,3.4,1,84,2,801985.88
3995,1,3.8,30,66,3,924637.23
1402,4,3.3,46,50,0,445309.12
2541,5,3.1,34,49,0,684303.48
3197,1,3.5,22,71,3,747324.96
2535,3,1.1,21,57,1,651015.44
2372,1,1.6,15,45,2,588988.81
1448,3,1.4,7,63,1,538992.77
2157,5,2.5,29,76,1,717053.23
1687,1,3.2,28,57,3,544016.6
1894,2,2.9,0,93,0,616391.33
3156,5,3.6,20,83,3,916943.87
2979,2,1.5,13,68,3,742379.98
2903,1,3.2,8,92,2,783016.58
2093,3,1.6,35,64,1,617217.27
4066,3,1.8,26,47,0,844013.49
1189,4,3.1,31,42,2,506086.29
2030,2,3.9,35,92,1,667357.63
1289,5,2.8,49,93,0,539735.0
2018,3,1.2,40,81,1,623373.46
4074,2,2.8,31,45,3,905965.59
2108,5,1.1,43,56,1,613246.22
3898,5,3.7,23,42,0,886004.24
2533,3,3.1,49,42,2,631329.06
3209,1,1.5,38,53,0,667146.1
2409,3,1.3,32,72,3,692572.27
1777,3,1.6,45,43,3,507515.0
3421,1,3.9,25,95,3,889350.29
4098,4,2.4,36,65,3,929797.87
1769,5,3.4,14,54,0,602252.35
3469,1,2.9,48,68,0,764381.55
1761,4,2.7,31,84,1,681433.12
3265,1,1.4,39,57,1,673594.42
3503,4,3.8,23,42,3,902178.35
2382,3,1.9,43,42,2,616096.22
3331,1,2.7,3,87,2,843618.13
1798,5,3.1,5,46,3,644540.35
1161,1,2.9,25,75,2,484523.44
1218,3,3.8,36,61,1,492311.56
2375,1,1.4,40,83,1,651447.2
3878,5,2.5,22,43,2,899244.69
1321,4,2.2,32,90,0,570323.63
2404,5,2.4,27,79,2,729035.19
3223,3,1.4,48,65,2,763303.96
1567,3,1.4,32,51,2,479622.9
3281,4,1.8,20,94,2,885270.57
1909,4,1.9,48,56,3,632033.02
3568,5,2.3,5,67,3,926643.45
2811,1,2.8,49,62,2,673524.74
2704,4,2.9,7,52,1,705849.19
1483,1,2.2,14,63,0,464446.98
2428,2,2.2,41,48,3,590372.94
3726,5,1.7,36,40,3,848790.93
964,2,2.8,48,56,2,419242.87
3403,4,2.0,37,46,3,846706.32
2526,3,1.1,31,63,3,746421.06
3274,2,2.3,17,88,3,830421.96
3088,2,2.4,0,49,2,786147.2
2325,3,1.7,6,40,0,604400.06
1918,4,2.7,14,46,0,577670.06
2970,4,2.7,2,68,0,796482.27
1362,5,3.1,25,55,1,549086.0
2827,5,2.9,38,67,2,790399.5
1212,4,3.0,48,41,1,449300.0
3044,4,1.9,24,58,0,714645.37
2974,2,3.4,43,62,0,675253.0
1178,3,2.6,49,64,3,506777.88
3399,1,2.3,42,70,3,784009.2
2272,2,2.9,23,83,1,649393.87
3496,5,2.1,16,66,3,903804.14
1037,3,2.5,48,87,2,513128.37
